,Names,Twittername
0,Margrethe Vestager,vestager
1,Lars L√∏kke Rasmussen,larsloekke
2,Morten √òstergaard,oestergaard
3,Pernille Skipper,PSkipperEL
4,Ida Auken,IdaAuken
5,Kristian Jensen,Kristian_Jensen
6,Uffe Elbaek,uffeelbaek
7,S√∏ren Pape Poulsen,SorenPape
8,Pia Olsen Dyhr,PiaOlsen
9,Magnus Heunicke,Heunicke
10,Sofie CarstenNielsen,sofiecn
11,Regeringen,regeringDK
12,Statsministeriet,Statsmin
13,Brian Holm,brianholm1962
14,Simon Emil Ammitzb√∏ll-Bille,ammitzbollbille
15,Dan J√∏rgensen,DanJoergensen
16,Jakob Ellemann-Jensen,JakobEllemann
17,Denmark MFA üá©üá∞,DanishMFA
18,Mattias Tesfaye,mattiastesfaye
19,Ellen Trane N√∏rby,EllenTraneNorby
20,Rosenkrantz-Theil,RosenkrantzT
21,Morten Messerschmidt,MrMesserschmidt
22,Frank Jensen,FrankJensenKBH
23,Tommy Ahlers,aahlers
24,Sophie L√∏hde,sophieloehde
25,Martin Lidegaard,martinlidegaard
26,Karen Melchiorüò∑üßºüá™üá∫,karmel80
27,Zenia Stampe,zeniastampe
28,Astrid Krag,Astridkrag
29,Benny Engelbrecht,BennyEngelbrech
30,Peter Hummelgaard,PHummelgaard
31,Rasmus Jarlov,RasmusJarlov
32,Jan E. J√∏rgensen,JanEJoergensen
33,Karsten Lauritzen,StemLAURITZEN
34,Mogens Jensen,MogensJensenS
35,Mette Abildgaard,metteabildgaard
36,Morten B√∏dskov,mfMorten
37,Per Clausen,PerClausen3
38,Kristian Thulesen Dahl,Kristianthdahl
39,Rasmus Prehn,RasmusPrehn
40,Mai Mercado,_MaiMercado
41,Jacob Mark,jacobmark_sf
42,Jesper Petersen,Jesper_Pet
43,Nikolaj Villumsen,nvillumsen
44,Trine Bramsen,Trinebramsen
45,Peter Skaarup,skaarup_df
46,Henrik Sass,SosseSass
47,Margrete Auken,MargreteAuken
48,Mette Gjerskov,MetteGjerskov
49,Alex Vanopslagh,AlexVanopslagh
50,Jens Rohde,rohde_jens
51,Lotte Rod,LotteRod
52,Morten Helveg,mortenhelveg
53,Uddannelses- og Forskningsministeriet,UFM_MIN
54,S√∏ren Espersen,espersendf
55,Pernille Vermund,PernilleVermund
56,Ole Birk Olesen,olebirkolesen
57,Pia Kj√¶rsgaard,Pia_Kjaersgaard
58,Rosa Lund,RosaLundEl
59,Lisbeth Bech-Nielsen,LisbethBNielsen
60,rasmus nordqvist üè≥Ô∏è‚Äçüåà,rasmusnordqvist
61,Jeppe Kofod,JeppeKofod
62,Sophie H. Andersen,SophieHAndersen
63,Ane Halsboe,AneHalsboe
64,Christel Schaldemose,SchaldemoseMEP
65,Morten L√∏kkegaard,Loekkegaard_MEP
66,Finansministeriet,Finansmin
67,Jakob Engel-Schmidt,engelschmidt
68,Simon Kollerup,simonkollerup
69,Kristian Hegaard,KHegaard
70,Karsten H√∏nge,khoenge
71,Jens Joel,Jens_Joel
72,Erhvervsministeriet,Erhvervs_min
73,Ulla T√∏rn√¶s,Ulla_Tornaes
74,Torsten Schack,Torstenschack
75,Rasmus Horn Langhoff,rasmushorn
76,Michael Aastrup Jensen,michaelaastrup
77,Sundheds- og √Üldreministeriet,DKsundhed
78,Peter Kofod(DF),KofodPeter
79,Naser Khader,naserkhaderdk
80,Milj√∏ &amp; F√∏devaremin.,MFVMin
81,Liselott Blixt,Blixt22
82,Lars Chr. Lilleholt,larsclilleholt
83,Troels Lund Poulsen,troelslundp
84,Nicolai Wammen,NWammen
85,Henrik Dahl,SociologenHD
86,Andreas Steenberg,a_steenberg
87,Niko Gr√ºnfeld,nikogrunfeld
88,Lea Wermelin,LeaWermelin
89,Kaare Dybvad,KaareDybvad
90,Stinus Lindgreen,stinuslindgreen
91,Benedikte Ki√¶r,benediktekiaer
92,Jacob Bundsgaard,JBundsgaard
93,K√•re Traberg Smidt,kaaretraberg
94,Karen Ellemann,EllemannKaren
95,Laura Lindahl,lauralindahl
96,Marianne Jelved,mariannejelved
97,EU-Parlamentet i DK,EPiDanmark
98,Kulturministeriet,Kulturmin
99,Bertel Haarder,BHaarder
100,Forsvarsministeriet/Danish MoD,Forsvarsmin
101,Klimaministeriet,KlimaMin
102,Mads Fuglede,madsfuglede
103,Rasmus Helveg,rasmushelveg
104,Joymogensen,Joymogensen
105,Samira Nawa,SamiraNawa
106,B√∏rne- og Undervisningsministeriet,UVM_dk
107,Marie Krarup,MarieKrarup
108,Hans Andersen,HansAndersenV
109,Kira M. Peter-Hansen,Kira_MPH
110,Jane Heitmann,JaneHeitmann
111,Lone Loklindt,LoneLoklindt
112,Christina Krzyrosiak Hansen,CKrzyrosiak
113,Villy S√∏vndal,villysoevndal
114,Fatma √òktem,fatmaoektem
115,Jacob Jensen,jacobjensenMF
116,Torsten Gejl,TorstenGejl
117,Morten Dahlin,MortenDahlin
118,Michael Ziegler,Mich_Ziegler
119,Pernille Weiss,WeissPernille
120,Kenneth K. Berth,Kristensenberth
121,Signe Munk,signe_munk
122,Stephanie Lose,stephanie_lose
123,Carl Valentin,Carl__Valentin
124,Kirsten Normann,KirstenNormann
125,Trine Sch√∏ning Torp,TrineTorp
126,Eva Kjer Hansen,EvaKjerHansen
127,Karina Lorentzen D.,MF_K_Lorentzen
128,Camilla Schwalbe,CamillaSchwalbe
129,Jeppe Bruus,JeppeBruus
130,Thomas Danielsen,ThDanielsen
131,Kr. Pihl Lorentzen,kplorentzen
132,Louise Schack Elholm,LouiseElholm
133,Simon Pihl S√∏rensen,Simonpihl
134,Dennis Flydtkj√¶r,flydtkjaer
135,Britt Bager,brittbager
136,Sikandar Siddique,SikandaSIDDIQUE
137,Christian Juhl,ChristianJuhl2
138,Kasper Sand Kj√¶r,SandKjaer
139,Skatteministeriet,skmdk
140,Mai Villadsen,MaiVilladsen
141,Anni Matthiesen,AnniMatthiesen
142,Mette Thiesen,ThiesenMette
143,Casper Hedegaard,Cspr_Hedegaard
144,Eva Flyvholm,EvaFlyvholm
145,Rune Lund,RuneLundEL
146,Karina Adsb√∏l,AdsbolAdsbl
147,Lars Krarup,krarup_lars
148,Christopher R√∏hl A.,RohlChristopher
149,Transport- og Boligministeriet,TRM_dk
150,John Dyrby Paulsen,JohnDyrbyPaulse
151,Hans Kristian Skibby,Hans_Kr_Skibby
152,Chr Rabjerg Madsen,RabjergMadsen
153,Mona Juul,JuulMona
154,Linea S√∏gaard-Lidell,LineaLidell
155,Rasmus Stoklund,RStoklund
156,Sisse Marie Welling,SisseMarieWe
157,Jakob S√∏lvh√∏j,JakobSoelvhoej
158,S√∏ren Gade,SoerenGade
159,Leif Lahn Jensen,LahnLeif
160,Niels Fuglsang,NielsFuglsang
161,Victoria Vel√°squez,VictoriaRV
162,Jacob Bjerregaard,JaBjerregaard
163,Thomas Medom,thomasmedom
164,Ruben Kidde,rubenkidde
165,S√∏ren S√∏ndergaard,SrenSndergaard3
166,Tommy Petersen,TommyPetersenDK
167,Morten Marinus,MortenMarinus
168,Anne Marie Geisler,amgeisler
169,Julie Skovsby,JulieSkovsby
170,Marianne Vind,MarianneVind
171,Daniel Panduro,Danielpanduro
172,Gunvor Wibroe,GunvorWibroe
173,Jesper Christensen,jesper_bedreby
174,Marlene Harps√∏e üá©üá∞,MarleneHARPSOEE
175,Daniel Nyboe Andersen,danielnyboe
176,Karin Friis Bach,karinFbach
177,MetteAnnelie,mette_annelie
178,Camilla Fabricius,CamFabricius
179,Katrine Robs√∏e,KatrineRobsoe
180,Ninna Hedeager Olsen,ninnahedeager
181,Lise Bech üá©üá∞ DF,LiseBech
182,Nikolaj B√∏gh,nikolajbogh
183,Steen Christiansen,steen2620
184,Anne Ehrenreich,anneehrenreich
185,Social- og Indenrigsministeriet,Socialindenrigs
186,Flemming M Mortensen,FlemmingMM
187,Lars Gaardh√∏j,larsgaardhoj
188,Annette Lind,annette_lind
189,MiaNyegaard,MiaNyegaard
190,Bj√∏rn Brandenborg,BjBrandenborg
191,Serdal Benli,SerdalBenli
192,Thomas Gyldal,ThomasGyldal
193,Peder Hvelplund,pederhvelplund
194,Lars Boje Mathiesen,LBMathiesen
195,Anne Paulin,Paulin_Anne
196,Ulrik Kohl,UlrikKohl
197,Peter Westermann,WestermannPeter
198,Jens-Kristian L√ºtken,lytken
199,Marie St√¶rke,mariestaerke
200,Brigitte K. Jerkel,JerkelK
201,J√∏rn Pedersen,mayorkolding
202,Lars Aslan,lars_aslan
203,Michael Vindfeldt,MVindfeldt
204,Caroline Stage,CarolineStage
205,Winni Grosb√∏ll,wgrosboell
206,Heino Knudsen (S),HeinoKnudsen
207,Astrid Car√∏e,AstridCaroee
208,Anders K√ºhnau,AndersKuhnau
209,Anne Sophie Callesen,FrkCallesen
210,Martin Geertsen,GeertsenVenstre
211,Susanne Zimmer,Susanne_Zimmer_
212,ThomasKastrup-Larsen,KastrupLarsen
213,Rikke Lauritzen,rikkelau
214,J H Thulesen Dahl,JThulesen
215,KatarinaAmmitzboell,Ammitzboell_K
216,Claus J√∏rgensen,clausjorgensen
217,Pernille Bendixen,BendixenPebe
218,Anne Valentina Berthelsen,AnneValentina
219,Orla Hav,HavOrla
220,Ulla Astman,UAstman
221,Daniel Rugholm,rugholm
222,Jonas Bj√∏rn Jensen,Jonasbjorn
223,Erling Bonnesen,ErlingBonnesen
224,Tidligere √òkonomi- og Indenrigsministeriet,OIMdk
225,Peter Juel Jensen,PeterJuelJensen
226,Marie Bjerre,marie_bjerre
227,Birgitte Bergman,BirgitteBergman
228,Nick H√¶kkerup,Nickerup
229,Martin Damm,martinldamm
230,Troels Ravn,RavnTroels
231,Torben Hansen,TorbenHansenRds
232,"St√©n Knuth, Idr√¶tsordf√∏rer Venstre",Sten_Knuth
233,Susanne Eilersen,Eilersen_DF
234,Asger Christensen,AsgerChristens2
235,Anders Kronborg,AndersKronborg
236,Anja C Jensen,AnjaCJensen
237,Erik H√∏gh-S√∏rensen,HoghSorensen
238,Kathrine Olldag,KathrineOlldag
239,Villum Christensen,VillumC
240,Mette H. Dencker,dfmehd_mette
241,Aaja Chemnitz Larsen,AajaCL
242,Franciska Rosenkilde,FranciskaRosenk
243,Sonja Marie Jensen,SonjaMJensen
244,Bo Nygaard Larsen,bonygaardlarsen
245,Steen Holm Iversen,steenHiversen
246,B√ºnyamin Simsek,BSimsekV
247,Maria Gudme,mariagudme
248,Jacob Is√∏e Kl√¶rke,jacobklaerke
249,Charlotte Riis Engelbrecht,CharlotteCre
250,Emil Bl√ºcher,emilblucher
251,Balder M√∏rk Andersen,sfBalder
252,Peter Seier Christensen,peter_seier
253,Per Olesen,polesenpolesen
254,Tonni Hansen,Tonni_SF
255,Pernille Beckmann,PernilleBeckman
256,Anders Johansson,AJohanssonC
257,Per Larsen,PerLarsenC
258,Jakob Gorm,jakobgorm
259,Christoffer Lilleholt,LilleholtC
260,Astrid Aller,AstridAller
261,Birgitte Vind,Birgitte2012
262,Birgit S. Hansen,BirgitsHansen
263,Christoffer Melson,ChristofferMels
264,Merete Scheelsbeck,Scheelsbeck
265,Niels Peter B√∏gballe,NPBogballe
266,Fanny Broholm,FannyBroholm
267,Daniel Prehn,DanielPrehn1
268,SusanneUrsulaCrawley,susanneursula
269,Hanne Roed,HanneRoed
270,Allan Ahmad,AllanAhmadDK
271,Lasse Frimand Jensen,LasseFJaalborg
272,Marc Perera Christensen,MarcPerera
273,Halime Oguz,Halime9Oguz
274,Lasse Hansen,Ls_Hansen
275,Kirsten Rask,KirstenRask
276,Jens Mandrup,jensmandrup
277,Flemming Pless,Fpless
278,Flemming Damgaard,FlemmingDL
279,Orla √òsterby,orlaosterby
280,Hans Christian Schmidt,HaChrSchmidt
281,Camilla Pedersen,camillalouped
282,Lisbeth Lauritsen,L_Lauritsen
283,Daniel Toft Jakobsen,ToftJakobsen
284,Henrik Hvidesten,HenrikHvidesten
285,Niels E. Bjerrum,NielsBjerrum
286,Steen Wrist √òrts,steenwrist
287,Lene Horsb√∏l,LeneHorsboel
288,Carl Andersen,CarlAndersenLA
289,Heidi Bank,bankHeidi
290,Charlotte Lund,CharlotteLundDi
291,Marlene Ambo-Rasmussen,MarleneAmbo
292,Mogens Gade,MogensGade
293,Jonathan SH. Nielsen,JonathanNielsen
294,Jakob Lose,Jakob_Lose
295,Kristian Guldfeldt,Guldfeldt
296,Jesper F. Rasmussen,Jesperfr
297,LoneYalcinkaya,LoneYalcinkaya
298,Morten Jung,mortenjung
299,Brian Dybro,BrianDybro
300,Leon Sebbelin,LeonSebbelin
301,Simon Simonsen,simonsjsimonsen
302,Sine Heltberg,sineheltberg
303,Karoline Vind,KarolineVind
304,Marcus Vesterager,marvesterager
305,Malte Larsen,MalteLarsen
306,Merete Due Paarup,MereteDuePaarup
307,Jesper Kiel,jesperkiel
308,Maria Sloth,MariaSloth
309,Niels Flemming Hansen,NielsFlemming01
310,Lasse P. N. Olsen,LassePNO
311,Sofie Seidenfaden,SeidenfadenSof
312,Carsten Kissmeyer,CKissmeyer
313,Rasmus Foged,FogedRasmus
314,Kristian N√∏rgaard,Knorgaardenn
315,Andreas Boesen,AndreasBoesen
316,√ñzkan Kocak,O76kocak
317,Annette Roed,RoedAnnette
318,Annika Smith,annika_smith
319,Kim Valentin,kimvalentinDK
320,Kasper Fuhr,KasperFuhr
321,Christian Donatzky,donatzky
322,Niels H√∂rup (V),nielshorup
323,Anders Broholm,andersbroholm
324,Latifa Lj√∏rring,Latifa_Venstre
325,Rune H√∏jer,RuneHojer
326,Anne Honor√© √òstergaard,AnneStergaa
327,Rose Sloth Hansen,RoseSHansen
328,Bjarne Laustsen,Bjarne_Laustsen
329,Kurt Damsted,KurtDamsted
330,Johan Br√∏dsgaard,JBroedsgaard
331,Tim Vermund,TimVermund
332,Glen Madsen,GlenMadsen
333,Michael Vajh√∏j,roadhigh
334,Helle Adelborg,AdelborgHelle
335,Jeppe Trolle,JeppeTrolle
336,Helle Bonnesen (C),Helle_Bonnesen
337,Chr. Wedell-Neegaard,StemChristian
338,Steen Hasselriis,steenhasselriis
339,Qasam Nazir Ahmad,qasamnahmad
340,Fasael Rehman,FasaelRehman
341,Rasmus Norup,RasmusNorupC
342,Stephan Kleinschmidt,KleinschmidtDK
343,Klaus Mygind,Klausmygind
344,Heidi Wang,heidiwangdk
345,Christian Br√∏ns,BroensChristian
346,Thomas Krarup,ThomasKrarup
347,John Engelhardt,john_Engelhardt
348,Claus Houden,ClausHouden
349,Elisabeth Ildal,elisabeth_ildal
350,Gert Bjerregaard,GertBjerregaard
351,Torben Lollike,torbenlollike
352,Kisser Franciska,KisserFLehnert
353,Mark Grossmann,MarkGrossmannV
354,Peter S√∏rensen,PeterSHorsens
355,Hans Toft,htgentofte
356,Jan Johansen,janjohansen16
357,Camilla Hove Lund,hovelund
358,Jeanne Toxv√¶rd,FruToxic
359,Mogens Vad,MogensVad
360,S√∏ren Steen Andersen,sor1steenupdate
361,Klaus Markussen,klausmarkussen
362,Steen B. Andersen,SteenBAndersen
363,Julie Gottschalk,JulieG0ttschalk
364,Karina Vesterg√•rd,karinaehl
365,Timo Jensen,Timo67
366,Bodil Kornbek,BodilKornbek
367,S√∏ren Rasmussen,SorenRasmussenO
368,Poul V. Jensen,poulvjensen
369,Susan Kjeldgaard,SusanKjeldgaar
370,Jeppe Lindberg,jeppelindberg
371,ango winther,AngoWinther
372,Jens Ive,JiJens
373,Kasandra Behrndt,kasandrabehrndt
374,Michael Krogh,micskro
375,Marco Oehlenschl√§ger,OehlenschlagerM
376,KARIN S√òJBERG HOLST,holst_karin
377,Christine Dal,DalChristine
378,Martin Bech,MartinNbech
379,Laura Rosenvinge,LauraRosenvinge
380,Torben Elsig,TorbenElsig
381,Per Zeidler,PerZeidler
382,Mette Engelbrecht,Mettengelbrecht
383,Hans J√∏rgen Hansen,HansJHans
384,Anders Winnerskjold,Winnerskjold
385,Hjalte Daniel Hansen,hjaltedaniel
386,Jan Ravn Christensen,JanRavnC
387,Trine Madsen,trinmads
388,Simon Strange,stemstrange
389,Trine Gr√¶se,TrineGraese
390,Mads Andersen,MadsAndersenC
391,S√∏ren Rish√∏j Jakobsen,sorijak
392,Sjurdur Skaale,SSkaale
393,Dennis Schmock,DennisSchmock
394,Maria Baag√∏e Bove,MariaBaagoeBove
395,Louise Feilberg,FeilbergLouise
396,Rikke Mortensen,RikkeMortensen4
397,Anne Jeremiassen,Flipitorflop
398,Jesper Bitsch Bierbaum,bitschbierbaum
399,Mette Bossen Linnet,Mette_Linnet
400,Bo Vesth,bo_vesth
401,Miki Dam Larsen,mikidamlarsen
402,Jesper Clausson (S),StemClausson
403,Mads Duedahl,mads_duedahl
404,Kristoffer H Storm,HjortStorm
405,Daniel Borup,DanielBorup
406,Githa Nelander,GithaNelander
407,Thomas Andresen,tand22927504
408,Tanja Larsson,LarssonTanja
409,s√∏ren brink,brinkjammerbugt
410,S√∏ren Hillers,hillers_s
411,Ole Vive,OleVive
412,Ole Bondo Christense,olebondo
413,Bodil S√∏,BodilSoe
414,Jan Wammen,janwammen
415,line ervolder,lineervolder
416,Tina French Nielsen,TinaFrench71
417,Benny Dall,BennyDall
418,Claus Kjeldsen,ClausKjeldsen
419,Tidligere konto MBLIS,M_BLIS
420,Maja Torp,MajaTorpAalborg
421,Torben Overgaard,OvergaardTorben
422,Steen Vindum,vindum
423,Kasper Glyng√∏,KasGly
424,Mikael Smed,Mikaelsmed
425,Maja Krog,KrogMaja
426,Tage Nielsen,8464tage
427,S√∏ren Kusk,s_kusk
428,Gitte Simoni,Gittesimoni
429,K√•re Harder Olesen,HarderOlesen
430,Claus Omann Jensen,CjOmann
431,Henrik Moeller,HenrikMoeller2
432,H.C. √òsterby,Oesterby
433,Morten Slotved,SlotvedMorten
434,Gorm Gunnarsen,GormGun
435,Rasmus Brask,rasmusbrask
436,Diana Mose Olsen,DianaMoseOlsen
437,Ida Damborg,DamborgIda
438,Marianne Mathiesen,MarianneM_LA
439,Steffen M√∏lgaard,Steffen_Moel
440,Kristian Dyhr,krdyhr
441,Peter Mikkelsen,PeterMikkelsen4
442,Robert S√∏rensen,RobertGlostrup
443,S√∏ren Schow,soerenschow
444,Morten Andersen,MortenA41863685
445,Hans Holmer,HolmerHans
446,William Sonne Kaal√∏,SonneKaaloe
447,Anna Hede,AnnaMHC
448,Preben Friis-Hauge,FriisHauge
449,Lars Hoppe S√∏e,hoppesoe
450,Tommy Hummelmose,TommyHummelmose
451,Anne-Mette Ebensgaardüåπame@odense.dk Tel: 21327352,AnneEbensgaard
452,Lone Hind√∏,LoneHind
453,Sascha Qvortrup,perleberger
454,Otto Kj√¶r Larsen,otklar
455,Karen Sandrini,KarenSandrini
456,S√∏ren Greve,SGHobro
457,Thomas Palmskov,TPalmskov
458,Kirstine van Sabben,KirstinevanSabb
459,peter duetoft,peterduetoft
460,Eik Dahl Bidstrup,EikBidstrup
461,Dan Arnl√∏v,DanArnloev
462,Rabih Azad-Ahmad,AzadRabih
463,Mads Panny,MadsPanny
464,Jakob Rixen,J_Rixen
465,Arne L√¶gaard,ArneLaegaard
466,Karsten Uno Petersen,KarstenUno
467,Sune Raunkj√¶r,SRaunkjr
468,Flemming R√∏mer,flemse68
469,PeterSkriverNielsen,Enthybo
470,Mortensiig,mortensiig
471,Kirsten Devantier,KirstenDvantier
472,Ole Revsgaard Andersen,OleRevsgaard
473,Ursula Dieterich,UDieterich
474,Lars Mogensen,LarsMog
475,Dan Skjerning,SkjerningDan
476,Kristian Skov-Andersen,SkovAndersen
477,J√∏rgen Gaarde,JGaarde
478,Knud Holt Nielsen,Knuden1969
479,Olav Rab√∏lle Nielsen,orn48245399
480,Peder Udengaard,PederUdengaard
481,Nils Borring,NilsBorring
482,John Br√¶dder,Jobr0390
483,Ulrich Fredberg,UlrichFredberg
484,Pia T√∏rving,ptoerving
485,vibeke syppli enrum,Vse11Vse
486,Mathias Frosz,MathiasDFN
487,Claus Bakke,ClausBakke
488,HolgerSchouRasmussen,HolgerSchouA
489,S√∏ren Windell,sorenwindell
490,Morten Skovlund,MortenSkovlund
491,Per B√∏dker Andersen,PerBoedker
492,Cecilie Roed Schultz,CroedS_EL
493,Michele Fej√∏,FejoeMichele
494,Aki H√∏egh-Dam,aki_hdam
495,Kenneth Bjerregaard,kbmusik88
496,Nicolaj Bang,NicolajBang
497,Anette Mortensen,anetmort
498,H. Kristian Wollesen,Wollese
499,Lene Krabbe Dahl,LeneKrabbeDahl
500,Erik Swiatek,ErikSwiatek
501,Mai-Britt Beith,BeithMai
502,Lis Mancini,lismancini
503,Eva B. Mejnertz,eva_mejnertz
504,Gyda Heding,GydaHeding
505,Flemming Erichsen,ErichsenFer
506,Thomas.,hav_t
507,Iben S√∏nderup,SonderupIben
508,Charlotte Drue,DrueCharlotte
509,Carsten Kristensen,CarstenKristen1
510,Ib Kristensen,BorgmesterIb
511,Liselotte Lynge Jensen,LiselotteLyngeJ
512,Jens Meilvang,JmMeilvang
513,Dan Ingemann Jensen,IngemannDj
514,Randi Mondorf,RandiMondorf
515,Eea Vestergaard,Eeahaldan
516,Andreas Keil,AlkeilAndreas
517,Else Kayser,else_kayser
518,Lene Linnemann,L_Linnemann
519,NiclasTuran Kandemir,TuranKandemirDK
520,Ole Vind,OleVind
521,Lene Kjelgaard,lenekjelgaard
522,Claus M√∏rkbak H√∏jrup,claushojrup
523,Mira Issa Bloch,BlochMira
524,Thies Mathiasen,MailThies
525,Mette Valbj√∏rn,MetteVALG
526,Per Bisgaard,perbisgaard
527,Steffen Jensen,Steffenhalsnaes
528,Marianne Frederik,mariannefrede20
529,Anny winther,AnnyWinther
530,Anders Buhl-Christen,AndersBuhl
531,Christel Gall,CgaChristel
532,Henning Ravn,henningravn
533,anja daugaard,AnjaDaugaard
534,Erik Nielsen,ErikNie68413878
535,Palle Lykke Ravn,PalleLykkeRavn
536,Dina Oxfeldt,OxfeldtDina
537,malene busk,malenebusks
538,Uwe Jessen,UweJessen
539,Simon H√∏jer,SimonOgPolitik
540,Sarah N√∏rris,sarah_noerris
541,Annemarie Knigge,AnnekAnnemarie
542,Annie Hagel,AnnieHagel
543,Michael Eskamp Witek,eskampwitek
544,PGraversgaard,PGraversgaard
545,Charlotte Broman M√∏l,MlCharlotte
546,Anne M√∏ller Ronex,AnneMllerRonex
547,Lauge Larsen (A),laugelarsenS
548,√Öse Kubel H√∏eg,aasekubelhoeeg
549,Hans Skou,HansSkou
550,Susanne Lundvald,LundvaldSusanne
551,John T. Olsen,JtoOlsen
552,Erik N√∏rreby,ErikNrreby
553,Azra Hasanbegovic,hasanbegovic_6
554,J√∏rgen Hein,aabcollege
555,J√∏rgen R√∏rb√¶k,Roerbak
556,Jan Hendeliowitz,JanHendeliowitz
557,Henrik Buchhave,BuchhaveHenrik
558,Erik Harbo Larsen,ErhlErik
559,Flemming Andersen,FlemmingVenstre
560,Tobias B√∏geskov,Tobiasboegeskov
561,Pernille H√∏xbro,pernillehoxbro
562,Susanne Dyreborg,SusDyreborg
563,Poul Fremmelev,PoufrP
564,Bente Gertz,bente_gertz
565,Helle Sjelle,helle_sjelle
566,Erik R Gregersen,ErikRGregersen
567,Anders R. Laugesen,arlaugesen
568,Flemming Brank,BrankFlemming
569,Niels Lundsh√∏j (S),Gorm_Lundshoej
570,karen lagoni,karenlagoni
571,Maria Brumvig,mariabrumvig
572,Bruno Jerup,BrunoJerup
573,Steen Jakobsen,sja46297093
574,Annette Randl√∏v,randlov62
575,Linda Frederiksen,Lindaf_dk
576,claus leick,clausleick
577,S√∏ren Elb√¶k,SorenElbaek
578,Mogens N√∏rg√•rd,MogensNorg
579,Per Skovmose,PskPer
580,Anna Kirsten Olesen,OlesenAnna
581,Petter Astrup,PetterAstrup
582,Kim Drejer Nielsen,KimDrejer
583,Annie Hagel,hagel6
584,S√∏ren H Lambertsen,shl1030
585,Jakob Ville,JakobVille
586,Maria Temponeras,MariaTemponeras
587,Susanne Buch Nielsen,susanne34684926
588,Lone Langballe,l_langballe
589,Nikolai Norup,NikoNorup
590,martin schepelern,mschepelern
591,Anja Lund,AnjaLund2
592,Sanne Skougaard An..,SanneSkougaard
593,Evan Lynnerup,evan_lynnerup
594,Lene Madsen Milner,LeneMilner
595,David M. Zepernick,FondenSAA
596,Tage Petersen,TagePetersen
597,Ole Alsted,AlstedOle
598,Mette Bjerre,mette_bjerre1
599,Nini Oken,NiniOken
600,melanie simick,SimickMorten
601,Poul-Erik Svendsen,svendsen_poul
602,Medzait Ljatifi,medzait1
603,Niels H√∂rup,Niels_Horup
604,Ulla Chambless,UllaGC
605,Poul Erik Jensen,PoulErikJensenA
606,Frands Fischer,FrandsFischer
607,Tage Leegaard,TageLeegaard
608,Vicky Bender Lorenzen,VickyLorenzen
609,Susan Hedlund,hedlund_susan
610,Peder Hummelmose,PederHummelmose
611,Mustapha El-Ahmad,MustaphaElAhmad
612,Arne Kristiansen,ArneBoelt
613,Dorte West,DorteWest
614,Finn Sander Jensen,Finnsanderjense
615,Mogens Nyholm,mogens_nyholm
616,Karsten Fogde,FogdeKarsten
617,Hamlaoui Bahloul,hamlaouibahloul
618,J√∏rgen Ahlquist,QuistAhlquist
619,Dorthe Hecht,DortheHecht
620,Henrik Vall√∏,henrik_vall
621,Kim Hesel,KimHesel
622,Freja S√∂dergran,Frejasodergran
623,conny Jensen,connyJensen3
624,Birthe Harritz,BirtheHarritz
625,Trine Frengler,TrineFrengler
626,Michael Harb√∏ll,mharboll
627,ChristofferReinhardt,Reinhardt09
628,MortenWeiss-Pedersen,mwp14
629,J√∏rn Lehmann Peterse,rn_lehmann
630,Henning J. Nyhuus,henningnyhuus
631,Peter Therkildsen,TherkildsenP
632,Kasper Ejlertsen,KasperEjlertsen
633,Jette Ramskov,jetramskov
634,Anne Heeager,AnneHeeager
635,Karsten SkawboJensen,skawbojensen
636,Jan Hemberg Herskov,HerskovJan
637,liv gro jensen,liv_gro
638,Anders Korsb√¶k,anderskorsbaek
639,S√∏ren Erik  Pedersen,soerep
640,Leif Olsen,Leif_Olsen
641,Ellen Petersen,EllenPetersen18
642,Felex Pedersen,PedersenFelex
643,AMPJ,PalmJohansen
644,Christina Kj√¶rsgaard,ChristinaKjrsg2
645,Molle lykke nielsen,LykkeMolle
646,Vibeke Gamst,vibeke_gamst
647,Pia Moldt,piamoldt
648,Lars Folmann,larsfolm
649,schlootie,schlootie
